Language,Address,Address1,Address2,Address3,Address4,Publication,Pubtype,Recording,Notes
American English,Western United States,,,,,http://dx.doi.org/10.1017/S0025100300003868,Handbook,https://www.internationalphoneticassociation.org/sites/default/files/handbookfiles/American-English.zip,"Unable to find stand-alone online publication. Kenneth Olson cites part of the report on the 1989 Kiel convention as the online publication of this Illustration (JIPA 19(20) 77-80), but the handbook entry is more detailed."
American English: Southern Michigan,"Southern Michigan, United States",,,,,http://dx.doi.org/10.1017/S0025100303001221,Illustration,https://www.internationalphoneticassociation.org/sites/default/files/JIPArecordings/Southern-Michigan.zip,
Amarisi,"Timor, Kupang City, East Nusa Tenggara, Indonesia",,,,,http://dx.doi.org/10.1017/S0025100315000377,Illustration,https://www.internationalphoneticassociation.org/sites/default/files/JIPArecordings/Amarasi.zip,
Amharic,"Addis Ababa, Ethiopia",,,,,http://dx.doi.org/10.1017/S0025100300004606,Handbook,https://www.internationalphoneticassociation.org/sites/default/files/handbookfiles/Amharic.zip,
Arabic,"Safad, North Palestine",,,,,http://dx.doi.org/10.1017/S0025100300004266,Handbook,https://www.internationalphoneticassociation.org/sites/default/files/handbookfiles/Arabic.zip,
Assamese,"Assam, India",,,,,http://dx.doi.org/10.1017/S0025100312000096,Illustration,https://www.internationalphoneticassociation.org/sites/default/files/JIPArecordings/Assamese.zip,
Australian English,"Sydney, Australia",,,,,http://dx.doi.org/10.1017/S0025100307003192,Illustration,https://www.internationalphoneticassociation.org/sites/default/files/JIPArecordings/Australian-English.zip,
Bardi,"Western Kimberley, Australia (One Arm Point?)",,,,,http://dx.doi.org/10.1017/S0025100312000217,Illustration,https://www.internationalphoneticassociation.org/sites/default/files/JIPArecordings/Bardi.zip,
Basaá,Cameroon,,,,,http://dx.doi.org/10.1017/S0025100314000383,Illustration,https://www.internationalphoneticassociation.org/sites/default/files/JIPArecordings/Basaa.zip,
Béarnais (Gascon),"Pyrénées-Atlantiques, South France",,,,,http://dx.doi.org/10.1017/S002510031400005X,Illustration,https://www.internationalphoneticassociation.org/sites/default/files/JIPArecordings/Bearnais-Gascon.zip,
The Belgian Limburg dialect of Hamont,"Hamont, Limberg, Belgium",,,,,http://dx.doi.org/10.1017/S0025100307002940,Illustration,https://www.internationalphoneticassociation.org/sites/default/files/JIPArecordings/Hamont.zip,
Belgian Standard Dutch,"Flanders, Belgium",,,,,http://dx.doi.org/10.1017/S0025100305002173,Illustration,https://www.internationalphoneticassociation.org/sites/default/files/JIPArecordings/Belgian-Standard-Dutch.zip,
Bemba,"Muya, Zambia",,,,,http://dx.doi.org/10.1017/S0025100314000371,Illustration,https://www.internationalphoneticassociation.org/sites/default/files/JIPArecordings/Bemba.zip,
Bengali (Bangladeshi Standard),"Dhaka, Bangladesh",,,,,http://dx.doi.org/10.1017/S0025100310000071,Illustration,https://www.internationalphoneticassociation.org/sites/default/files/JIPArecordings/Bengali.zip,
Brazilian Portuguese,Brazil,,,,,http://dx.doi.org/10.1017/S0025100304001756,Illustration,https://www.internationalphoneticassociation.org/sites/default/files/JIPArecordings/Brazilian-Portuguese.zip,
British English: Received Pronunciation,South-East England,,,,,http://dx.doi.org/10.1017/S0025100304001768,Illustration,https://www.internationalphoneticassociation.org/sites/default/files/JIPArecordings/British%20English%20-%20RP.zip,
Brunei Malay,Sultanate of Brunei Darussalam," Limbang, Sarawak, Malaysia","Labuan, Labuan Federal Territory Malaysia","Beaufort, Sabah, Malaysia"," Miri, Sarawak, Malaysia",http://dx.doi.org/10.1017/S0025100316000189,Illustration,https://www.internationalphoneticassociation.org/sites/default/files/JIPArecordings/Malay.zip,
Bukharan Tajik,Bukhara,,,,,http://dx.doi.org/10.1017/S002510031300011X,Illustration,https://www.internationalphoneticassociation.org/sites/default/files/JIPArecordings/Bukharan-Tajik.zip,
Burmese,Burma,,,,,http://dx.doi.org/10.1017/S0025100301002122,Illustration,https://www.internationalphoneticassociation.org/sites/default/files/JIPArecordings/Burmese.zip,
Bulgarian,Bulgaria,,,,,http://dx.doi.org/10.1017/S0025100300004072,Handbook,https://www.internationalphoneticassociation.org/sites/default/files/handbookfiles/Bulgarian.zip,
Castilian Spanish,"Castille, Spain",,,,,http://dx.doi.org/10.1017/S0025100303001373,Illustration,https://www.internationalphoneticassociation.org/sites/default/files/JIPArecordings/Castilian-Spanish.zip,
Catalan,"Barcelona, Spain",,,,,http://dx.doi.org/10.1017/S0025100300004618,Handbook,https://www.internationalphoneticassociation.org/sites/default/files/handbookfiles/Catalan.zip,
Central Arrernte,"Alice Springs, Northern Territory, Australia",,,,,http://dx.doi.org/10.1017/S0025100305002185,Illustration,https://www.internationalphoneticassociation.org/sites/default/files/JIPArecordings/Central-Arrernte.zip,
Central Sama,"Sulu Archipeligo, Philippines","Ipil, Zamboanga Peninsula, Philippines","Semporna, Malaysia","Kunak, Malaysia",,http://dx.doi.org/10.1017/S0025100312000229,Illustration,https://www.internationalphoneticassociation.org/sites/default/files/JIPArecordings/Central-Sama.zip,
Chickasaw,South-Central Oklahoma,,,,,http://dx.doi.org/10.1017/S0025100301002110,Illustration,https://www.internationalphoneticassociation.org/sites/default/files/JIPArecordings/Chickasaw.zip,
Chicahuaxtla Triqui,"Oaxaca, Mexico",,,,,http://dx.doi.org/10.1017/S0025100315000389,Illustration,https://www.internationalphoneticassociation.org/sites/default/files/JIPArecordings/Chicahuaxtla-Triqui.zip,
Cicipu,North-West Nigeria,,,,,http://dx.doi.org/10.1017/S002510031400022X,Illustration,https://www.internationalphoneticassociation.org/sites/default/files/JIPArecordings/Cicipu.zip,
Chinese (Hong Kong Cantonese),Hong Kong,,,,,http://dx.doi.org/10.1017/S0025100300006058,Handbook,https://www.internationalphoneticassociation.org/sites/default/files/handbookfiles/Cantonese.zip,
Chistabino (Pyrenean Aragonese),"Gistaín, Spain",,,,,http://dx.doi.org/10.1017/S0025100306002842,Illustration,https://www.internationalphoneticassociation.org/sites/default/files/JIPArecordings/Chistabino-Aragonese.zip,
Cocos Malay,"Cocos Islands, Australia","Christmas Islands, Australia","Sabah, Malaysia",,,http://dx.doi.org/10.1017/S0025100313000364,Illustration,https://www.internationalphoneticassociation.org/sites/default/files/JIPArecordings/Cocos-Malay.zip,
Croatian,Croatia,,,,,http://dx.doi.org/10.1017/S002510030000520X,Handbook,https://www.internationalphoneticassociation.org/sites/default/files/handbookfiles/Croatian.zip,
Cypriot Greek,Cyprus,,,,,http://dx.doi.org/10.1017/S002510030000654X,Illustration,https://www.internationalphoneticassociation.org/sites/default/files/JIPArecordings/Cypriot-Greek.zip,
Czech,Czech Republic,,,,,http://dx.doi.org/10.1017/S0025100300005442,Handbook,https://www.internationalphoneticassociation.org/sites/default/files/handbookfiles/Czech.zip,
Czech spoken in Bohemia and Moravia,"Bohemia and Moravia, Czech Republic",,,,,http://dx.doi.org/10.1017/S0025100312000102,Illustration,https://www.internationalphoneticassociation.org/sites/default/files/JIPArecordings/Moravian-Czech.zip,
Danish,Denmark,,,,,http://dx.doi.org/10.1017/S0025100300006290,Illustration,https://www.internationalphoneticassociation.org/sites/default/files/JIPArecordings/Danish.zip,
Dari (Afghan Persian),Afghanistan,,,,,http://dx.doi.org/10.1017/S0025100315000390,Illustration,,
Dutch,"Netherlands, North-West Belgium",,,,,http://dx.doi.org/10.1017/S002510030000459X,Handbook,https://www.internationalphoneticassociation.org/sites/default/files/handbookfiles/Dutch.zip,
The Dutch dialect of Weert,"Weert, province of Limburg, Belgium",,,,,http://dx.doi.org/10.1017/S0025100300006307,Illustration,https://www.internationalphoneticassociation.org/sites/default/files/JIPArecordings/Weert.zip,
Ega,"Divo, Côte d'Ivoire",,,,,http://dx.doi.org/10.1017/S002510030200018X,Illustration,https://www.internationalphoneticassociation.org/sites/default/files/JIPArecordings/Ega.zip,
Ersu,"Sichuan Province, People's Republic of China",,,,,http://dx.doi.org/10.1017/S0025100314000437,Illustration,https://www.internationalphoneticassociation.org/sites/default/files/JIPArecordings/Ersu.zip,
Estonian,Estonia,,,,,http://dx.doi.org/10.1017/S002510030999017X,Illustration,https://www.internationalphoneticassociation.org/sites/default/files/JIPArecordings/Estonian.zip,
European Portuguese,Portugal,,,,,http://dx.doi.org/10.1017/S0025100300005223,Handbook,https://www.internationalphoneticassociation.org/sites/default/files/handbookfiles/Portuguese.zip,
Fataluku,East Timor,,,,,http://dx.doi.org/10.1017/S0025100316000190,Illustration,https://www.internationalphoneticassociation.org/sites/default/files/JIPArecordings/Fataluku.zip,
The Flemish-Brabant dialect of Orsmaal-Gussenhoven,"Orsmaal-Gussenhoven, Brabant, Belgium",,,,,http://dx.doi.org/10.1017/S0025100310000083,Illustration,https://www.internationalphoneticassociation.org/sites/default/files/JIPArecordings/Orsmaal-Gussenhoven.zip,
French,France,,,,,http://dx.doi.org/10.1017/S0025100300004874,Handbook,https://www.internationalphoneticassociation.org/sites/default/files/handbookfiles/French.zip,
Friulian,"Friuli-Venezia Giulia region, Italy",,,,,http://dx.doi.org/10.1017/S0025100302001056,Illustration,https://www.internationalphoneticassociation.org/sites/default/files/JIPArecordings/Friulian.zip,
Galician,"Galicia, Spain",,,,,http://dx.doi.org/10.1017/S0025100300006162,Handbook,https://www.internationalphoneticassociation.org/sites/default/files/handbookfiles/Galician.zip,
Gayo,"Aceh, Sumatra, Indonesia",,,,,http://dx.doi.org/10.1017/S0025100306002416,Illustration,https://www.internationalphoneticassociation.org/sites/default/files/JIPArecordings/Gayo.zip,
German,Germany,,,,,http://dx.doi.org/10.1017/S0025100300004084,Handbook,https://www.internationalphoneticassociation.org/sites/default/files/handbookfiles/German.zip,
Goemai,"Jos, Nigeria",,,,,http://dx.doi.org/10.1017/S0025100314000243,Illustration,https://www.internationalphoneticassociation.org/sites/default/files/JIPArecordings/Goemai.zip,
Goizueta Basque,"Goizueta, Navarre, Spain",,,,,http://dx.doi.org/10.1017/S0025100309990260,Illustration,https://www.internationalphoneticassociation.org/sites/default/files/JIPArecordings/Goizueta-Basque.zip,
Greek Thrace Xoraxane Romane,"Komotini,Thrace, Greece","Drosero, Xanthi, Thrace, Greece.",,,,http://dx.doi.org/10.1017/S0025100313000376,Illustration,https://www.internationalphoneticassociation.org/sites/default/files/JIPArecordings/Xoraxane-Romane.zip,
Hakka Chinese,"Meixian County, Guandong Province, China",,,,,http://dx.doi.org/10.1017/S0025100308003599,Illustration,https://www.internationalphoneticassociation.org/sites/default/files/JIPArecordings/Hakka-Chinese.zip,
Hausa,"Kano, Nigeria",,,,,http://dx.doi.org/10.1017/S0025100300004886,Handbook,https://www.internationalphoneticassociation.org/sites/default/files/handbookfiles/Hausa.zip,
The dialect of Hasselt,"Hasselt, province of Limburg, Belgium",,,,,http://dx.doi.org/10.1017/S0025100306002428,Illustration,https://www.internationalphoneticassociation.org/sites/default/files/JIPArecordings/Hasselt.zip,
Hebrew,Israel,,,,,http://dx.doi.org/10.1017/S0025100300004278,Handbook,https://www.internationalphoneticassociation.org/sites/default/files/handbookfiles/Hebrew.zip,
Hindi,India,,,,,http://dx.doi.org/10.1017/S0025100300004990,Handbook,https://www.internationalphoneticassociation.org/sites/default/files/handbookfiles/Hindi.zip,
Hungarian,Hungary,,,,,http://dx.doi.org/10.1017/S0025100300005090,Handbook,https://www.internationalphoneticassociation.org/sites/default/files/handbookfiles/Hungarian.zip,
Ibibio,"Akwa Ibom State, Nigeria","Cross River State, Nigeria",,,,http://dx.doi.org/10.1017/S0025100304001550,Illustration,https://www.internationalphoneticassociation.org/sites/default/files/JIPArecordings/Ibibio.zip,
Igbo,"Lagos, Nigeria",,,,,http://dx.doi.org/10.1017/S0025100300004473,Handbook,https://www.internationalphoneticassociation.org/sites/default/files/handbookfiles/Igbo.zip,
Ika Igbo,"Agbor, Nigeria",,,,,http://dx.doi.org/10.1017/S0025100315000067,Illustration,https://www.internationalphoneticassociation.org/sites/default/files/JIPArecordings/Ika-Igbo.zip,
Indonesian,Indonesia,,,,,http://dx.doi.org/10.1017/S0025100308003320,Illustration,https://www.internationalphoneticassociation.org/sites/default/files/JIPArecordings/Indonesian.zip,
Irish,"Dublin, Ireland",,,,,http://dx.doi.org/10.1017/S0025100300000189,Handbook,https://www.internationalphoneticassociation.org/sites/default/files/handbookfiles/Irish.zip,
Istanbul Judeo-Spanish,"Istanbul, Turkey",,,,,http://dx.doi.org/10.1017/S0025100310000277,Illustration,https://www.internationalphoneticassociation.org/sites/default/files/JIPArecordings/Judeo-Spanish.zip,
Isthmus (Juchitán) Zapotec,"Isthmus of Tehuantepec, Oaxaca, Mexico",,,,,http://dx.doi.org/10.1017/S0025100310000174,Illustration,https://www.internationalphoneticassociation.org/sites/default/files/JIPArecordings/Isthmus-Zapotec.zip,
Italian,"Rome, Italy",,,,,http://dx.doi.org/10.1017/S0025100304001628,Illustration,https://www.internationalphoneticassociation.org/sites/default/files/JIPArecordings/Italian.zip,
Itunyoso Trique,"San Martín Itunyoso, Oaxaca, Mexico",,,,,http://dx.doi.org/10.1017/S0025100310000034,Illustration,https://www.internationalphoneticassociation.org/sites/default/files/JIPArecordings/Itunyoso-Trique.zip,
Jamaican Creole,"St Catherine Parish, Jamaica",,,,,http://dx.doi.org/10.1017/S002510030600243X,Illustration,https://www.internationalphoneticassociation.org/sites/default/files/JIPArecordings/Jamaican-Creole.zip,
Japanese,Japan,,,,,http://dx.doi.org/10.1017/S002510030000445X,Handbook,https://www.internationalphoneticassociation.org/sites/default/files/handbookfiles/Japanese.zip,
Jicarilla Apache,"New Mexico, United States",,,,,http://dx.doi.org/10.1017/S0025100302000191,Illustration,https://www.internationalphoneticassociation.org/sites/default/files/JIPArecordings/Jicarilla-Apache.zip,
Kabiye,"Togo, Benin and Ghana",,,,,http://dx.doi.org/10.1017/S0025100308003496,Illustration,https://www.internationalphoneticassociation.org/sites/default/files/JIPArecordings/Kabiye.zip,
Kalabari-Ijo,"Bayelsa State, Nigeria",,,,,http://dx.doi.org/10.1017/S002510030300121X,Illustration,https://www.internationalphoneticassociation.org/sites/default/files/JIPArecordings/Kalabari-Ijo.zip,
Kedayan,"Sabah, Malaysia","Sarawak, Malaysia","Labuan, Malaysia",,,http://dx.doi.org/10.1017/S0025100314000061,Illustration,https://www.internationalphoneticassociation.org/sites/default/files/JIPArecordings/Kedayan.zip,
Kéo,"Flores, Indonesia",,,,,http://dx.doi.org/10.1017/S0025100302000178,Illustration,,
Kera,"Fianga, Chad",,,,,http://dx.doi.org/10.1017/S0025100311000168,Illustration,https://www.internationalphoneticassociation.org/sites/default/files/JIPArecordings/Kera.zip,
Khowar,"Khyber Pakhtunkhwa Province, Pakistan",,,,,http://dx.doi.org/10.1017/S0025100316000220,Illustration,https://www.internationalphoneticassociation.org/sites/default/files/JIPArecordings/Khowar.zip,
Korean,South Korea,,,,,http://dx.doi.org/10.1017/S0025100300004758,Handbook,https://www.internationalphoneticassociation.org/sites/default/files/handbookfiles/Korean.zip,
Kumzari,"Musandam Peninsula, Oman and Iran",,,,,http://dx.doi.org/10.1017/S0025100311000314,Illustration,https://www.internationalphoneticassociation.org/sites/default/files/JIPArecordings/Kumzari.zip,
Kunama,Eritrea,,,,,http://dx.doi.org/10.1017/S0025100300006551,Illustration,https://www.internationalphoneticassociation.org/sites/default/files/JIPArecordings/Kunama.zip,
Liverpool English,"Liverpool, England",,,,,http://dx.doi.org/10.1017/S0025100307003180,Illustration,https://www.internationalphoneticassociation.org/sites/default/files/JIPArecordings/Liverpool-English.zip,
Lizu,"Sichuan Province, People's Republic of China",,,,,http://dx.doi.org/10.1017/S0025100312000242,Illustration,https://www.internationalphoneticassociation.org/sites/default/files/JIPArecordings/Lizu.zip,
Luanyjang Dinka,"White Nile, South Sudan",,,,,http://dx.doi.org/10.1017/S0025100308003605,Illustration,https://www.internationalphoneticassociation.org/sites/default/files/JIPArecordings/Dinka-Luanyjang.zip,
Lusoga (Lutenga),"Busoga, Uganda",,,,,http://dx.doi.org/10.1017/S0025100315000249,Illustration,https://www.internationalphoneticassociation.org/sites/default/files/JIPArecordings/Lusoga.zip,
Luxembourgish,Luxembourg,,,,,http://dx.doi.org/10.1017/S0025100312000278,Illustration,https://www.internationalphoneticassociation.org/sites/default/files/JIPArecordings/Luxembourgish.zip,
Lyonnais (Francoprovençal),"Lyon, France",,,,,http://dx.doi.org/10.1017/S0025100315000250,Illustration,https://www.internationalphoneticassociation.org/sites/default/files/JIPArecordings/Francoprovencal.zip,
Mah Meri,"Sepang, Selangor, Malaysia",,,,,http://dx.doi.org/10.1017/S0025100309003946,Illustration,https://www.internationalphoneticassociation.org/sites/default/files/JIPArecordings/Mah-Meri.zip,
Makasar,"Makassar, Indonesia",,,,,http://dx.doi.org/10.1017/S002510031500033X,Illustration,https://www.internationalphoneticassociation.org/sites/default/files/JIPArecordings/Makasar.zip,
Malayam (Namboodiri Dialect),"Kerala, India",,,,,http://dx.doi.org/10.1017/S0025100315000407,Illustration,https://www.internationalphoneticassociation.org/sites/default/files/JIPArecordings/Malayalam.zip,
Mambay,"North Province, Cameroon",,,,,http://dx.doi.org/10.1017/S0025100306002635,Illustration,https://www.internationalphoneticassociation.org/sites/default/files/JIPArecordings/Mambay.zip,
Mapudungun,"Neuquén, Argentina"," La Pampa, Argentina","Río Negro, Argentina","Isla Huapi, AraucanIa, Chile",,http://dx.doi.org/10.1017/S0025100312000369,Illustration,https://www.internationalphoneticassociation.org/sites/default/files/JIPArecordings/Mapudungun.zip,
Mavea,"Mavea, Vanuatu",,,,,http://dx.doi.org/10.1017/S0025100309003958,Illustration,https://www.internationalphoneticassociation.org/sites/default/files/JIPArecordings/Mavea.zip,
Mennonite Plautdietsch (Canadian Old Colony),"Blumenheim, Saskatchewan, Canada",,,,,http://dx.doi.org/10.1017/S0025100313000121,Illustration,https://www.internationalphoneticassociation.org/sites/default/files/JIPArecordings/Mennonite-Plautdietsch.zip,
Mono,"Bili, Nord-Ubangi, Democratic Republic of the Congo",,,,,http://dx.doi.org/10.1017/S0025100304001744,Illustration,https://www.internationalphoneticassociation.org/sites/default/files/JIPArecordings/Mono.zip,
Mono Lake Northern Paiute,"Great Basin, western United States",,,,,http://dx.doi.org/10.1017/S002510031100051X,Illustration,https://www.internationalphoneticassociation.org/sites/default/files/JIPArecordings/Northern-Paiute.zip,
Murcian Spanish,"Comunidad Autónoma de Murcia, Spain",,,,,http://dx.doi.org/10.1017/S0025100314000231,Illustration,https://www.internationalphoneticassociation.org/sites/default/files/JIPArecordings/Murcian-Spanish.zip,
Nara,"Barentu, Eritrea",,,,,http://dx.doi.org/10.1017/S0025100302001068,Illustration,,
Niva?le (shichaam lhavos variety),"Filadelfia, Paraguay",,,,,http://dx.doi.org/10.1017/S0025100316000335,Illustration,,
Nen,"Bimadibun, New Guinea",,,,,http://dx.doi.org/10.1017/S0025100315000365,Illustration,https://www.internationalphoneticassociation.org/sites/default/files/JIPArecordings/Nen.zip,
Nepali,Nepal,,,,,http://dx.doi.org/10.1017/S0025100309990181,Illustration,https://www.internationalphoneticassociation.org/sites/default/files/JIPArecordings/Nepali.zip,
New Zealand English,New Zealand,,,,,http://dx.doi.org/10.1017/S0025100306002830,Illustration,https://www.internationalphoneticassociation.org/sites/default/files/JIPArecordings/New-Zealand-English.zip,
Northwest Sahaptin,"Washington, United States","Oregon, United States",,,,http://dx.doi.org/10.1017/S0025100314000218,Illustration,https://www.internationalphoneticassociation.org/sites/default/files/JIPArecordings/Northwest-Sahaptin.zip,
Nuosu Yi,"Liangshan, Sichuan, People's Republic of China",,,,,http://dx.doi.org/10.1017/S0025100315000444,Illustration,https://www.internationalphoneticassociation.org/sites/default/files/JIPArecordings/Yi.zip,
Nuuchahnulth,"Vancouver Island, British Columbia, Canada",,,,,http://dx.doi.org/10.1017/S0025100301002092,Illustration,https://www.internationalphoneticassociation.org/sites/default/files/JIPArecordings/Nuuchahnulth.zip,
Palula,"Chitral District, North-West Frontier Province, Pakistan",,,,,http://dx.doi.org/10.1017/S0025100309990193,Illustration,https://www.internationalphoneticassociation.org/sites/default/files/JIPArecordings/Palula.zip,
Persian,"Tehran, Iran",,,,,http://dx.doi.org/10.1017/S0025100300004461,Handbook,https://www.internationalphoneticassociation.org/sites/default/files/handbookfiles/Persian.zip,
Pitjantjatjara,"Ayers Rock, Australia",,,,,http://dx.doi.org/10.1017/S002510031500033X,Illustration,https://www.internationalphoneticassociation.org/sites/default/files/JIPArecordings/Pitjantjatjara.zip,
Polish,Poland,,,,,http://dx.doi.org/10.1017/S0025100303001191,Illustration,https://www.internationalphoneticassociation.org/sites/default/files/JIPArecordings/Polish.zip,
Russian,"Moscow, Russia",,,,,http://dx.doi.org/10.1017/S0025100314000395,Illustration,https://www.internationalphoneticassociation.org/sites/default/files/JIPArecordings/Russian.zip,
Salasaca Quichua,Ecuador,,,,,http://dx.doi.org/10.1017/S0025100308003332,Illustration,https://www.internationalphoneticassociation.org/sites/default/files/JIPArecordings/Salasaca-Quichua.zip,
Sandawe,"Kondoa district, Tanzania",,,,,http://dx.doi.org/10.1017/S0025100306002647,Illustration,https://www.internationalphoneticassociation.org/sites/default/files/JIPArecordings/Sandawe.zip,
Seri,"Sonora, Mexico",,,,,http://dx.doi.org/10.1017/S0025100305001933,Illustration,https://www.internationalphoneticassociation.org/sites/default/files/JIPArecordings/Seri.zip,
Setswana (South African),"Taung, South Africa ",,,,,http://dx.doi.org/10.1017/S0025100316000050,Illustration,https://www.internationalphoneticassociation.org/sites/default/files/JIPArecordings/Setswana.zip,
Shanghai Chinese,"Shanghai, People's Republic of China",,,,,http://dx.doi.org/10.1017/S0025100315000043,Illustration,https://www.internationalphoneticassociation.org/sites/default/files/JIPArecordings/Shanghai-Chinese.zip,
Shilluk,Southern Sudan,,,,,http://dx.doi.org/10.1017/S0025100310000289,Illustration,https://www.internationalphoneticassociation.org/sites/default/files/JIPArecordings/Shilluk.zip,
Shipibo,"Ucayali, Peru",,,,,http://dx.doi.org/10.1017/S0025100301002109,Illustration,,
Shiwilu (Jebero),"Jeberos, Loreto, Peru",,,,,http://dx.doi.org/10.1017/S0025100312000370,Illustration,https://www.internationalphoneticassociation.org/sites/default/files/JIPArecordings/Shiwilu.zip,
Sindhi,"Sindh, Pakistan",,,,,http://dx.doi.org/10.1017/S0025100300005235,Handbook,https://www.internationalphoneticassociation.org/sites/default/files/handbookfiles/Sindhi.zip,
Slovak,Slovakia,,,,,http://dx.doi.org/10.1017/S0025100310000162,Illustration,https://www.internationalphoneticassociation.org/sites/default/files/JIPArecordings/Slovak.zip,
Slovene,Slovenia,,,,,http://dx.doi.org/10.1017/S0025100300005211,Handbook,https://www.internationalphoneticassociation.org/sites/default/files/handbookfiles/Slovene.zip,
"The sound pattern of Standard Italian, as compared with the varieties spoken in Florence, Milan and Rome","Florence, Italy",,,,,http://dx.doi.org/10.1017/S0025100305002148,Illustration,https://www.internationalphoneticassociation.org/sites/default/files/JIPArecordings/Bertinetto-Loporcaro-Italian-SI-FI-MI-RI.zip,
Southeastern Pashayi,"Dara-i-Nur, Nangarhar, Afghanistan ",,,,,http://dx.doi.org/10.1017/S0025100313000133,Illustration,https://www.internationalphoneticassociation.org/sites/default/files/JIPArecordings/Pashayi.zip,
Spokane,"Eastern Washington State, United States",,,,,http://dx.doi.org/10.1017/S0025100300006708,Illustration,https://www.internationalphoneticassociation.org/sites/default/files/JIPArecordings/Spokane.zip,
Standard Austrian German,Austria,,,,,http://dx.doi.org/10.1017/S0025100315000055,Illustration,https://www.internationalphoneticassociation.org/sites/default/files/JIPArecordings/Standard-Austrian-German.zip,
Standard Chinese (Beijing),"Beijing, People's Republic of China",,,,,http://dx.doi.org/10.1017/S0025100303001208,Illustration,https://www.internationalphoneticassociation.org/sites/default/files/JIPArecordings/Chinese-Beijing.zip,
Standard Georgian,Republic of Georgia,,,,,http://dx.doi.org/10.1017/S0025100306002659,Illustration,https://www.internationalphoneticassociation.org/sites/default/files/JIPArecordings/Standard-Georgian.zip,
Standard Malay (Brunei),Brunei,,,,,http://dx.doi.org/10.1017/S002510031100017X,Illustration,https://www.internationalphoneticassociation.org/sites/default/files/JIPArecordings/Malay.zip,
Standard Modern Greek,Greece,,,,,http://dx.doi.org/10.1017/S0025100300006538,Illustration,https://www.internationalphoneticassociation.org/sites/default/files/JIPArecordings/Standard-Modern-Greek.zip,
Standard Yiddish,"Warsaw, Poland",,,,,http://dx.doi.org/10.1017/S0025100303001385,Illustration,,
Sumi (Sema),"Nagaland, North-East India",,,,,http://dx.doi.org/10.1017/S0025100312000254,Illustration,https://www.internationalphoneticassociation.org/sites/default/files/JIPArecordings/Sumi-Sema.zip,
Swedish,Sweden,,,,,http://dx.doi.org/10.1017/S0025100300004060,Handbook,https://www.internationalphoneticassociation.org/sites/default/files/handbookfiles/Swedish.zip,
Taba,"Maluku Province, Indonesia",,,,,http://dx.doi.org/10.1017/S0025100300005326,Handbook,,
Thai,Thailand,,,,,http://dx.doi.org/10.1017/S0025100300004746,Handbook,https://www.internationalphoneticassociation.org/sites/default/files/handbookfiles/Thai.zip,
Tamambo,"Malo, Vanuatu",,,,,http://dx.doi.org/10.1017/S0025100305002197,Illustration,https://www.internationalphoneticassociation.org/sites/default/files/JIPArecordings/Tamambo.zip,
Tamil,"Tamil Nadu, India",,,,,http://dx.doi.org/10.1017/S0025100304001549,Illustration,https://www.internationalphoneticassociation.org/sites/default/files/JIPArecordings/Tamil.zip,
Tashlhiyt Berber,Morocco,,,,,http://dx.doi.org/10.1017/S0025100313000388,Illustration,https://www.internationalphoneticassociation.org/sites/default/files/JIPArecordings/Tashlhiyt-Berber.zip,
Tausung (Suluk),"Jolo, Philippines","Sabah, Malaysia",,,,http://dx.doi.org/10.1017/S0025100312000230,Illustration,https://www.internationalphoneticassociation.org/sites/default/files/JIPArecordings/Tausug.zip,
Telugu,"Telangana, India",Andhra Pradesh India,,,,http://dx.doi.org/10.1017/S0025100316000207,Illustration,https://www.internationalphoneticassociation.org/sites/default/files/JIPArecordings/Telugu.zip,
Temne,Sierra Leone,,,,,http://dx.doi.org/10.1017/S002510031000006X,Illustration,https://www.internationalphoneticassociation.org/sites/default/files/JIPArecordings/Temne.zip,
Tena Quichua,"Tena, Ecuador",,,,,http://dx.doi.org/10.1017/S0025100312000266,Illustration,https://www.internationalphoneticassociation.org/sites/default/files/JIPArecordings/Tena-Quichua.zip,
Tera,"Gombe State, Nigeria",,,,,http://dx.doi.org/10.1017/S0025100307002952,Illustration,https://www.internationalphoneticassociation.org/sites/default/files/JIPArecordings/Tera.zip,
Tilquiapan Zapotec,"Tilquiapan, Oaxaca, Mexico",,,,,http://dx.doi.org/10.1017/S0025100308003344,Illustration,https://www.internationalphoneticassociation.org/sites/default/files/JIPArecordings/Zapotec.zip,
Tukang Besi,Sulawesi,,,,,http://dx.doi.org/10.1017/S0025100300005004,Handbook,,
Turkish,Turkey,,,,,http://dx.doi.org/10.1017/S0025100300004588,Handbook,https://www.internationalphoneticassociation.org/sites/default/files/handbookfiles/Turkish.zip,
Tyneside English,"Newcastle-Upon-Tyne, England",,,,,http://dx.doi.org/10.1017/S0025100303001397,Illustration,https://www.internationalphoneticassociation.org/sites/default/files/JIPArecordings/Tyneside-English.zip,
Upper Saxon (Chemnitz dialect),"Free State of Saxony, Germany",,,,,http://dx.doi.org/10.1017/S0025100313000145,Illustration,https://www.internationalphoneticassociation.org/sites/default/files/JIPArecordings/Upper-Saxon.zip,
Vietnamese (Hanoi Vietnamese),Vietnam,,,,,http://dx.doi.org/10.1017/S0025100311000181,Illustration,https://www.internationalphoneticassociation.org/sites/default/files/JIPArecordings/Vietnamese.zip,
"Xumi (part 1): Lower Xumi, the variety of the lower and middle reaches of the Shuiluo river","Muli, Liangshan, Sichuan, People's Republic of China",,,,,http://dx.doi.org/10.1017/S0025100313000157,Illustration,https://www.internationalphoneticassociation.org/sites/default/files/JIPArecordings/Lower-Xumi.zip,
"Xumi (part 2): Upper Xumi, the variety of the upper reaches of the Shuiluo river","Muli, Liangshan, Sichuan, People's Republic of China",,,,,http://dx.doi.org/10.1017/S0025100313000169,Illustration,https://www.internationalphoneticassociation.org/sites/default/files/JIPArecordings/Upper-Xumi.zip,
Yine,"Ucayali, Peru",,,,,http://dx.doi.org/10.1017/S0025100308003356,Illustration,https://www.internationalphoneticassociation.org/sites/default/files/JIPArecordings/Yine.zip,
Zurich German,"Zurich, Switzerland",,,,,http://dx.doi.org/10.1017/S0025100306002441,Illustration,https://www.internationalphoneticassociation.org/sites/default/files/JIPArecordings/Zurich-German.zip,
Gitskan,"Glen Vowell, British Columbia, Canada",,,,,https://doi.org/10.1017/S0025100315000432,Illustration,https://www.internationalphoneticassociation.org/sites/default/files/JIPArecordings/Gitksan.zip,
Malayalam,"Kerala,India",,,,,https://doi.org/10.1017/S0025100315000407,Illustration,https://www.internationalphoneticassociation.org/sites/default/files/JIPArecordings/Malayalam.zip,
Azerbaijani,"Baku, Azerbaijan",,,,,https://doi.org/10.1017/S0025100317000184,Illustration,https://www.internationalphoneticassociation.org/sites/default/files/JIPArecordings/Azerbaijanian.zip,
Munji,"Kuran Wa Munjan, Badachschan, Afghanistan",,,,,https://doi.org/10.1017/S0025100316000256,Illustration,https://www.internationalphoneticassociation.org/sites/default/files/JIPArecordings/Munji.zip,
Ukrainian,"Kiev, Ukraine",,,,,https://doi.org/10.1017/S0025100316000372,Illustration,https://www.internationalphoneticassociation.org/sites/default/files/JIPArecordings/Ukrainian.zip,
Upper Sorbian,"Bautzen, Germany",,,,,https://doi.org/10.1017/S0025100316000414,Illustration,https://www.internationalphoneticassociation.org/sites/default/files/JIPArecordings/Upper-Sorbian.zip,
